Date,Advertising,Price,Discount,Customers,Sales
2025-01-01,3860,546,21,162,65288
2025-01-02,8390,557,27,282,116785
2025-01-03,8226,459,16,66,59086
2025-01-04,8191,451,17,153,87973
2025-01-05,6772,477,29,272,109236
2025-01-06,6092,462,5,147,64491
2025-01-07,8734,332,18,237,118284
2025-01-08,9265,478,30,241,110313
2025-01-09,3466,400,3,137,49078
2025-01-10,8334,567,0,158,53928
2025-01-11,7426,364,7,212,94952
2025-01-12,8578,467,28,289,139606
2025-01-13,9231,342,22,119,96444
2025-01-14,6444,343,6,260,77041
2025-01-15,6171,584,2,207,71367
2025-01-16,5919,311,9,248,106198
2025-01-17,3130,394,9,123,39693
2025-01-18,4685,552,18,282,88150
2025-01-19,3769,541,13,273,68686
2025-01-20,5391,334,1,275,87572
2025-01-21,8611,514,27,112,90758
2025-01-22,9949,389,0,205,97233
2025-01-23,5433,563,22,109,78040
2025-01-24,8311,392,22,128,85035
2025-01-25,8051,389,27,271,109406
2025-01-26,9420,414,17,86,77283
2025-01-27,4184,404,6,270,61672
2025-01-28,7555,495,28,71,64342
2025-01-29,6385,413,7,245,97469
2025-01-30,7117,374,0,197,77035
2025-01-31,9396,516,24,145,92483
2025-02-01,7843,576,22,277,120825
2025-02-02,5904,548,2,291,81419
2025-02-03,3474,463,23,117,60757
2025-02-04,4082,491,22,268,88926
2025-02-05,5558,526,26,241,95057
2025-02-06,5047,476,30,66,46511
2025-02-07,5747,398,28,61,56278
2025-02-08,3975,335,7,199,55267
2025-02-09,4806,395,21,194,77953
2025-02-10,3189,451,24,187,70544
2025-02-11,5734,450,14,167,61247
2025-02-12,6005,489,4,242,91428
2025-02-13,7658,523,2,71,45958
2025-02-14,4899,336,18,267,96309
2025-02-15,4267,567,0,169,48491
2025-02-16,9975,482,27,300,128663
2025-02-17,4528,312,14,259,90537
2025-02-18,6202,578,7,99,39014
2025-02-19,6556,516,1,63,46106
2025-02-20,6890,585,2,241,68457
2025-02-21,3646,572,23,224,73069
2025-02-22,9164,361,13,78,73851
2025-02-23,5888,383,23,253,103569
2025-02-24,9310,516,13,213,92399
2025-02-25,8393,486,10,300,103541
2025-02-26,5435,318,15,276,95225
2025-02-27,3600,476,3,229,63528
2025-02-28,5363,399,19,174,74263
2025-03-01,5061,532,4,253,77777
2025-03-02,3241,375,21,56,42042
2025-03-03,5041,564,20,78,28859
2025-03-04,5824,583,13,188,69217
2025-03-05,5612,505,30,82,76438
2025-03-06,4363,522,22,183,77982
2025-03-07,9235,351,15,160,96022
2025-03-08,8486,443,17,128,71608
2025-03-09,4478,368,6,209,71225
2025-03-10,5556,398,9,228,85033
2025-03-11,3775,324,6,252,73899
2025-03-12,7014,352,0,107,56668
2025-03-13,3034,450,22,264,93435
2025-03-14,9349,443,20,75,68538
2025-03-15,6152,356,18,275,96704
2025-03-16,4955,338,15,223,88168
2025-03-17,4585,408,28,275,104886
2025-03-18,6943,480,18,78,65011
2025-03-19,6073,341,3,53,43757
2025-03-20,4021,485,28,258,87063
2025-03-21,6461,522,27,148,80349
2025-03-22,5613,421,17,190,69616
2025-03-23,8225,432,1,282,97273
2025-03-24,6843,462,0,88,47659
2025-03-25,4500,514,14,64,32766
2025-03-26,7798,520,4,168,86345
2025-03-27,9545,534,19,78,58126
2025-03-28,9873,445,10,206,94786
2025-03-29,8675,538,9,124,61161
2025-03-30,3161,375,30,165,66506
2025-03-31,7297,308,1,81,48492
2025-04-01,4981,373,2,179,50790
2025-04-02,3995,552,22,224,79920
2025-04-03,9413,529,22,255,110411
2025-04-04,7911,306,11,133,78749
2025-04-05,6342,473,19,71,50885
2025-04-06,7551,440,4,252,85720
2025-04-07,6798,467,4,76,56199
2025-04-08,4275,469,5,244,75771
2025-04-09,4016,582,29,130,45025
2025-04-10,9439,421,8,175,74432
2025-04-11,9863,493,1,285,113769
2025-04-12,3337,304,20,233,78626
2025-04-13,3878,328,11,141,43519
2025-04-14,4076,464,2,270,78981
2025-04-15,7887,435,19,70,65553
2025-04-16,6993,444,25,96,71920
2025-04-17,9360,516,21,257,119745
2025-04-18,7859,600,11,150,58812
2025-04-19,9331,431,23,236,103284
2025-04-20,3379,591,16,133,54060
2025-04-21,3492,369,9,55,19338
2025-04-22,8276,551,29,196,90830
2025-04-23,5062,574,23,234,75893
2025-04-24,6884,481,26,246,117822
2025-04-25,3064,466,13,180,58355
2025-04-26,5568,390,22,300,115302
2025-04-27,8463,501,16,50,58814
2025-04-28,8248,318,17,107,74225
2025-04-29,5027,338,18,173,79356
2025-04-30,5695,425,16,215,71860
2025-05-01,4495,472,13,64,28584
2025-05-02,8258,440,8,211,93957
2025-05-03,8618,541,7,238,82179
2025-05-04,9736,519,1,212,86450
2025-05-05,3391,425,12,113,41328
2025-05-06,8794,357,24,290,124540
2025-05-07,7514,447,6,74,37228
2025-05-08,9432,300,8,73,65793
2025-05-09,7474,489,21,61,53499
2025-05-10,8892,490,21,67,69964
2025-05-11,6561,416,10,64,48827
2025-05-12,5278,433,13,285,96023
2025-05-13,9184,357,3,257,99280
2025-05-14,6099,343,25,76,68579
2025-05-15,9278,472,25,121,77010
2025-05-16,3200,459,28,109,40422
2025-05-17,8959,472,12,223,81463
2025-05-18,7875,448,1,266,89100
2025-05-19,6104,379,22,194,82495
2025-05-20,7598,512,4,142,67814
2025-05-21,5454,502,10,102,41963
2025-05-22,6645,551,5,57,38270
2025-05-23,8847,528,17,128,82986
2025-05-24,3804,463,20,76,36904
2025-05-25,9242,526,9,223,96410
2025-05-26,5731,446,3,99,50653
2025-05-27,8991,319,8,293,108716
2025-05-28,5773,346,5,248,84627
2025-05-29,4570,532,1,180,45092
2025-05-30,8056,313,16,142,76478
2025-05-31,9756,442,4,241,89970
2025-06-01,8581,300,24,221,105365
2025-06-02,5690,353,5,230,79937
2025-06-03,6840,558,25,73,47576
2025-06-04,4028,443,11,109,39542
2025-06-05,3502,311,22,171,76139
2025-06-06,9910,523,20,180,101486
2025-06-07,7493,571,9,197,72461
2025-06-08,3870,455,21,95,59549
2025-06-09,9938,307,20,64,94797
2025-06-10,7488,421,26,202,99528
2025-06-11,3206,463,24,271,69410
2025-06-12,8134,389,30,255,126527
2025-06-13,8977,435,5,248,82974
2025-06-14,4484,485,26,66,58095
2025-06-15,3863,477,7,175,60075
2025-06-16,5790,327,1,285,102736
2025-06-17,3563,519,11,133,44622
2025-06-18,8116,340,12,277,108753
2025-06-19,7191,527,24,58,54782
2025-06-20,9019,491,20,215,98841
2025-06-21,4757,444,6,225,76628
2025-06-22,9628,500,9,298,119968
2025-06-23,9374,511,12,237,102526
2025-06-24,9892,519,16,112,74123
2025-06-25,4678,539,25,263,109272
2025-06-26,6242,345,20,295,117915
2025-06-27,7636,334,27,294,114995
2025-06-28,4059,552,29,166,64368
2025-06-29,9668,381,25,179,114122
2025-06-30,8279,555,13,137,65656
2025-07-01,4722,496,1,121,41258
2025-07-02,6314,309,27,188,101912
2025-07-03,6157,585,21,113,35557
2025-07-04,8915,541,10,254,99026
2025-07-05,5625,550,0,258,71733
2025-07-06,5729,304,18,121,65694
2025-07-07,9700,418,20,70,78662
2025-07-08,4597,588,3,67,27915
2025-07-09,6060,364,18,271,103292
2025-07-10,5693,445,25,113,63868
2025-07-11,7891,523,28,131,86991
2025-07-12,8147,538,20,159,82956
2025-07-13,8739,476,10,288,107891
2025-07-14,6627,566,7,144,48201
2025-07-15,4363,581,10,215,51672
2025-07-16,4981,362,3,81,29611
2025-07-17,8450,516,16,60,60938
2025-07-18,4663,582,26,94,50322
2025-07-19,4529,476,6,266,66066
2025-07-20,5038,397,7,82,46037
2025-07-21,8592,404,2,151,82804
2025-07-22,6302,398,21,218,88492
2025-07-23,5237,305,1,185,52913
2025-07-24,8504,496,22,60,60639
2025-07-25,8496,432,14,263,113908
2025-07-26,4306,558,23,228,81845
2025-07-27,7029,322,21,137,75231
2025-07-28,9776,352,21,90,96109
2025-07-29,5675,464,4,194,74693
2025-07-30,8068,501,23,125,73568
2025-07-31,8864,382,0,170,73118
2025-08-01,4282,444,25,95,50056
2025-08-02,3709,384,3,209,56451
2025-08-03,8575,377,14,256,115904
2025-08-04,8530,300,19,129,90721
2025-08-05,7744,350,18,103,80195
2025-08-06,7413,472,2,135,64320
2025-08-07,6748,504,19,141,82990
2025-08-08,8353,559,10,197,75187
2025-08-09,7779,587,16,210,89066
2025-08-10,3663,333,29,251,79874
2025-08-11,4998,394,26,217,80350
2025-08-12,6445,371,12,209,84032
2025-08-13,6743,338,10,291,107757
2025-08-14,8727,453,1,146,68999
2025-08-15,4495,549,8,51,21326
2025-08-16,6304,461,25,274,103612
2025-08-17,6763,417,1,82,54806
2025-08-18,8232,558,20,282,107807
2025-08-19,4853,567,8,254,85497
2025-08-20,8616,353,8,207,99456
2025-08-21,9585,535,7,210,94321
2025-08-22,7659,521,16,126,61002
2025-08-23,4291,550,0,165,49634
2025-08-24,6581,411,24,203,89508
2025-08-25,6457,554,28,199,80130
2025-08-26,4636,506,10,152,56669
2025-08-27,6696,528,7,243,72551
2025-08-28,5999,365,9,215,75584
2025-08-29,6152,374,24,152,80341
2025-08-30,3698,402,6,139,61257
2025-08-31,5160,491,2,223,61115
2025-09-01,7097,551,2,171,59290
2025-09-02,7737,525,17,291,113606
2025-09-03,9363,593,4,192,71712
2025-09-04,8685,397,11,275,113758
2025-09-05,3854,585,11,155,55020
2025-09-06,8855,548,18,168,84389
2025-09-07,9528,465,29,221,123450
2025-09-08,6474,329,5,98,56824
2025-09-09,8757,546,1,153,62196
2025-09-10,8249,405,11,252,101095
2025-09-11,8172,350,18,110,75489
2025-09-12,4707,380,4,244,74307
2025-09-13,5777,432,11,172,69596
2025-09-14,8791,584,26,183,99315
2025-09-15,4733,437,26,58,53087
2025-09-16,8535,483,16,55,42796
2025-09-17,9390,572,28,122,86301
2025-09-18,7931,368,16,152,73234
2025-09-19,6510,333,9,272,96503
2025-09-20,3202,561,24,209,67130
2025-09-21,6255,352,22,90,72772
2025-09-22,7218,504,16,163,75864
2025-09-23,7496,425,14,253,101956
2025-09-24,3766,534,11,57,31374
2025-09-25,7389,342,29,121,94990
2025-09-26,5327,539,15,227,76491
2025-09-27,5931,410,23,141,74739
2025-09-28,3197,548,18,111,40683
2025-09-29,4930,450,7,133,46436
2025-09-30,6582,482,30,111,68632
2025-10-01,9895,394,20,160,83558
2025-10-02,9287,307,16,300,120913
2025-10-03,3608,483,22,176,52021
2025-10-04,6272,580,4,56,40544
2025-10-05,4147,494,21,252,85002
2025-10-06,7282,494,15,133,68214
2025-10-07,6397,454,5,257,80260
2025-10-08,5511,392,7,181,67462
2025-10-09,4794,459,24,183,69904
2025-10-10,3659,360,17,107,51150
2025-10-11,5811,421,24,71,59409
2025-10-12,9051,350,11,203,92306
2025-10-13,9546,576,14,176,81364
2025-10-14,4369,304,26,52,58756
2025-10-15,4986,391,25,176,78934
2025-10-16,8630,469,8,90,56382
2025-10-17,3146,321,12,237,71518
2025-10-18,6219,300,25,155,78646
2025-10-19,5911,432,14,63,46464
2025-10-20,4734,532,9,252,80399
2025-10-21,4843,311,15,259,91971
2025-10-22,3488,345,6,295,99501
2025-10-23,5976,333,16,61,56055
2025-10-24,4959,377,22,136,69487
2025-10-25,8759,517,25,61,62709
2025-10-26,9694,600,20,190,94255
2025-10-27,5385,372,21,74,49960
2025-10-28,5919,581,25,94,42146
2025-10-29,7736,548,6,292,104589
2025-10-30,4802,346,13,171,64731
2025-10-31,9616,420,14,196,94230
2025-11-01,9065,513,20,104,77886
2025-11-02,9294,538,6,287,109693
2025-11-03,8534,355,8,149,77747
2025-11-04,7061,406,18,222,94926
2025-11-05,6369,347,15,185,87599
2025-11-06,8730,360,7,270,105313
2025-11-07,3262,325,17,168,65351
2025-11-08,8883,591,26,102,65172
2025-11-09,9287,556,22,232,98315
2025-11-10,9489,307,28,81,94290
2025-11-11,3623,412,17,100,36718
2025-11-12,4016,552,30,93,53482
2025-11-13,6643,479,29,131,77175
2025-11-14,7976,506,19,247,99850
2025-11-15,5049,426,6,195,59565
2025-11-16,8423,355,2,260,105844
2025-11-17,9397,513,17,199,109597
2025-11-18,6723,313,26,86,75190
2025-11-19,7548,327,9,145,77771
2025-11-20,6108,377,6,105,48235
2025-11-21,8279,515,16,154,71291
2025-11-22,7090,453,13,108,61999
2025-11-23,5056,313,30,180,81824
2025-11-24,6170,486,23,205,74358
2025-11-25,4682,306,2,251,83540
2025-11-26,9959,302,11,292,132197
2025-11-27,5255,410,27,84,54637
2025-11-28,4154,537,12,238,72176
2025-11-29,7499,538,1,142,64858
2025-11-30,9295,573,2,231,89491
2025-12-01,9197,593,4,240,82106
2025-12-02,6191,526,10,256,83488
2025-12-03,4696,314,7,146,67274
2025-12-04,6991,491,25,184,90002
2025-12-05,7723,418,22,125,83307
2025-12-06,7682,327,22,98,79572
2025-12-07,4648,501,11,143,46215
2025-12-08,8539,338,6,262,100630
2025-12-09,4445,572,14,208,67853
2025-12-10,7199,530,23,235,103372
2025-12-11,6923,385,16,238,104668
2025-12-12,3253,425,3,73,18226
2025-12-13,6183,599,28,197,87448
2025-12-14,5557,324,21,86,69640
2025-12-15,8592,444,24,53,61734
2025-12-16,3098,312,12,269,92006
2025-12-17,5200,511,17,157,75048
2025-12-18,8980,324,0,175,101130
2025-12-19,5961,367,15,69,54045
2025-12-20,9015,366,12,237,107782
2025-12-21,7973,532,9,201,87422
2025-12-22,7433,408,11,99,68006
2025-12-23,6777,445,29,226,110246
2025-12-24,5869,410,1,228,79418
2025-12-25,6234,527,22,145,69850
2025-12-26,6791,410,2,154,71712
2025-12-27,3956,333,9,213,62551
2025-12-28,8800,410,1,299,107301
2025-12-29,7067,563,29,166,95880
2025-12-30,3160,535,26,147,47711
2025-12-31,8699,382,22,277,117032
2026-01-01,9944,341,12,115,89282
2026-01-02,7493,400,12,128,73457
2026-01-03,4300,305,17,211,73920
2026-01-04,7911,479,2,213,77205
2026-01-05,6987,581,26,55,47164
2026-01-06,4527,525,6,88,40135
2026-01-07,9015,528,13,219,93806
2026-01-08,8511,588,19,292,124709
2026-01-09,8254,449,28,164,96156
2026-01-10,4218,576,29,235,82156
2026-01-11,7496,497,16,295,106144
2026-01-12,7735,369,28,174,96769
2026-01-13,6104,411,29,61,62814
2026-01-14,5735,303,20,180,101615
2026-01-15,7555,394,11,286,104397
2026-01-16,3954,451,24,67,42504
2026-01-17,7565,436,15,89,63686
2026-01-18,6446,546,23,70,62249
2026-01-19,4045,542,11,192,48184
2026-01-20,9893,330,14,274,126335
2026-01-21,4693,339,24,148,66882
2026-01-22,9181,528,9,75,63713
2026-01-23,9373,335,29,57,80042
2026-01-24,6436,522,24,149,58580
2026-01-25,3562,305,30,289,107992
2026-01-26,5485,519,6,271,83716
2026-01-27,8895,374,19,136,84087
2026-01-28,6354,303,4,91,48280
2026-01-29,9170,433,0,221,80351
2026-01-30,3225,417,29,63,50942
2026-01-31,7893,393,16,127,82880
2026-02-01,9427,361,2,51,50808
2026-02-02,3959,493,12,168,51438
2026-02-03,8600,502,13,86,63327
2026-02-04,7548,325,23,118,97889
2026-02-05,6067,472,29,215,98314
2026-02-06,3815,599,17,286,74648
2026-02-07,7754,432,3,90,56060
2026-02-08,7642,417,17,111,61752
2026-02-09,8311,574,29,295,126350
2026-02-10,6120,511,4,109,57900
2026-02-11,3016,524,24,174,72291
2026-02-12,4243,319,15,160,70699
2026-02-13,5205,412,0,63,27055
2026-02-14,5524,439,20,297,94488
2026-02-15,4069,346,13,280,79329
2026-02-16,6444,300,14,266,83012
2026-02-17,5565,389,8,133,62419
2026-02-18,9242,441,14,179,91809
2026-02-19,8864,337,16,280,126411
2026-02-20,4060,592,24,119,60874
2026-02-21,5327,438,23,194,82206
2026-02-22,6420,558,3,172,60408
2026-02-23,9640,460,11,138,78602
2026-02-24,3301,477,26,298,92198
2026-02-25,7276,309,25,77,78605
2026-02-26,3606,560,4,115,29544
2026-02-27,6170,437,28,212,92848
2026-02-28,3699,471,4,278,72671
2026-03-01,8088,312,10,54,65495
2026-03-02,4139,467,27,242,83103
2026-03-03,3190,429,5,217,58141
2026-03-04,5300,383,6,253,83812
2026-03-05,3980,400,23,233,92496
2026-03-06,5975,572,30,213,88230
2026-03-07,9102,564,13,94,60707
2026-03-08,4184,337,23,200,77412
2026-03-09,6327,393,10,96,62463
2026-03-10,6394,394,29,80,83088
2026-03-11,3127,368,12,188,51420
2026-03-12,5065,535,1,59,17105
2026-03-13,4816,436,24,244,89851
2026-03-14,8854,375,6,167,84065
2026-03-15,9709,334,19,63,83381
2026-03-16,3569,300,3,129,38332
2026-03-17,8442,595,26,251,100877
2026-03-18,4895,359,7,142,57163
2026-03-19,5733,566,19,59,41643
2026-03-20,6863,528,28,125,81482
2026-03-21,7721,569,30,143,87478
2026-03-22,7014,585,21,154,77564
2026-03-23,5901,590,20,50,41444
2026-03-24,4686,512,18,182,83688
2026-03-25,6009,464,12,69,39778
2026-03-26,3154,304,13,57,38699
2026-03-27,5537,377,9,220,69962
2026-03-28,4409,361,10,253,74003
2026-03-29,7057,431,1,50,34684
2026-03-30,3784,388,24,106,66872
2026-03-31,6175,536,25,113,67032
2026-04-01,7341,341,8,167,73709
2026-04-02,8596,388,16,261,114448
2026-04-03,8801,595,25,77,69727
2026-04-04,5806,594,2,170,49401
2026-04-05,3537,403,23,156,54183
2026-04-06,8986,313,5,214,106824
2026-04-07,4841,587,4,224,63252
2026-04-08,8016,478,4,278,112739
2026-04-09,5455,424,21,253,101231
2026-04-10,3524,322,14,214,76628
2026-04-11,9971,362,22,98,85835
2026-04-12,8625,442,16,290,108568
2026-04-13,5950,452,8,169,63716
2026-04-14,7131,444,2,93,41700
2026-04-15,7780,524,19,105,72345
2026-04-16,7115,403,25,205,109211
2026-04-17,5368,403,16,160,67373
2026-04-18,6847,338,28,256,120194
2026-04-19,9655,497,26,183,99299
2026-04-20,7495,433,9,157,71079
2026-04-21,5701,366,2,300,86691
2026-04-22,3971,478,17,238,61630
2026-04-23,9002,341,17,197,102221
2026-04-24,9614,314,29,163,111120
2026-04-25,4166,410,16,127,61784
2026-04-26,8211,456,23,179,99542
2026-04-27,7929,588,2,250,89491
2026-04-28,8919,530,2,86,47642
2026-04-29,5774,456,5,69,41556
2026-04-30,4982,337,12,75,57859
2026-05-01,3853,396,23,78,50826
2026-05-02,7146,588,28,50,69487
2026-05-03,6736,553,14,168,84557
2026-05-04,6769,495,24,84,61026
2026-05-05,3574,385,8,247,67536
2026-05-06,6261,309,3,278,88719
2026-05-07,4148,304,13,294,84085
2026-05-08,9293,422,4,108,64721
2026-05-09,9457,417,1,118,77579
2026-05-10,9713,593,10,210,76522
2026-05-11,9448,458,8,290,105826
2026-05-12,4715,527,23,228,80882
2026-05-13,7777,515,2,255,81241
2026-05-14,7933,483,26,61,63015
2026-05-15,6854,314,27,283,116427
2026-05-16,8173,456,28,69,71151
2026-05-17,5491,435,8,230,72267
2026-05-18,5660,560,2,291,75680
2026-05-19,9407,456,24,265,128131
2026-05-20,6124,346,1,300,102197
2026-05-21,8691,472,11,92,55564
2026-05-22,6051,429,9,175,49824
2026-05-23,3004,394,8,275,82587
2026-05-24,8222,414,14,266,99236
2026-05-25,8315,542,7,99,59396
2026-05-26,7869,591,24,78,52625
2026-05-27,3876,581,4,234,67840
2026-05-28,3991,598,10,88,48283
2026-05-29,7142,582,26,272,107473
2026-05-30,9966,368,1,233,100074
2026-05-31,9799,447,23,288,126404
2026-06-01,7364,310,27,220,114134
2026-06-02,7465,553,14,227,92196
2026-06-03,3635,337,5,200,68442
2026-06-04,8225,433,7,221,85955
2026-06-05,4693,499,26,87,55555
2026-06-06,4682,322,4,133,48058
2026-06-07,7752,517,15,200,78793
2026-06-08,3119,440,25,177,66213
2026-06-09,3830,403,17,175,58171
2026-06-10,8906,509,5,94,68086
2026-06-11,6675,410,4,101,46062
2026-06-12,8177,403,27,129,90806
2026-06-13,9070,470,15,227,97942
2026-06-14,4369,432,12,283,88730
2026-06-15,3740,592,27,173,60474
2026-06-16,3116,426,4,168,37342
2026-06-17,8949,405,12,57,65976
2026-06-18,5838,391,16,291,100947
2026-06-19,4150,586,17,134,50822
2026-06-20,4931,350,7,178,62088
2026-06-21,4012,328,12,296,83094
2026-06-22,4664,595,29,57,52068
2026-06-23,4081,596,28,206,79587
2026-06-24,7729,513,18,145,72324
2026-06-25,3512,566,25,151,57618
2026-06-26,5849,556,2,54,35418
2026-06-27,8215,400,23,288,118388
2026-06-28,8237,409,7,135,69606
2026-06-29,3559,481,1,224,58123
2026-06-30,6672,300,7,83,52374
2026-07-01,7583,354,26,242,118111
2026-07-02,7992,448,12,104,64731
2026-07-03,6343,436,12,168,66121
2026-07-04,8308,501,0,267,96312
2026-07-05,7070,416,5,220,74391
2026-07-06,7799,453,23,251,122383
2026-07-07,4470,590,18,207,79263
2026-07-08,3580,362,15,163,64058
2026-07-09,9933,543,7,259,107052
2026-07-10,5294,324,27,194,92722
2026-07-11,6147,389,0,75,36974
2026-07-12,7249,374,26,185,98245
2026-07-13,4679,593,26,96,44471
2026-07-14,6506,509,15,281,101487
2026-07-15,8092,316,8,162,88249
2026-07-16,5744,427,12,125,56004
2026-07-17,6356,550,10,268,83589
2026-07-18,7045,478,12,121,54494
2026-07-19,4243,481,24,138,71510
2026-07-20,8188,451,20,95,68436
2026-07-21,6118,324,9,245,88963
2026-07-22,8104,479,3,82,54109
2026-07-23,5141,497,30,50,52928
2026-07-24,8869,460,26,196,109446
2026-07-25,8053,476,5,80,50532
2026-07-26,6059,584,27,257,89302
2026-07-27,7548,362,6,191,72623
2026-07-28,8323,449,4,102,56074
2026-07-29,5959,453,10,97,43824
2026-07-30,5265,455,12,118,50877
2026-07-31,9617,348,25,154,112192
2026-08-01,5479,383,24,139,70472
2026-08-02,9484,476,18,239,107114
2026-08-03,7646,447,30,269,117987
2026-08-04,4635,417,22,243,85969
2026-08-05,8408,362,9,291,112035
2026-08-06,4757,488,9,241,77947
2026-08-07,7452,348,10,247,104565
2026-08-08,5070,556,20,112,60168
2026-08-09,8881,523,29,122,101533
2026-08-10,9665,440,6,210,98943
2026-08-11,8877,514,30,218,126138
2026-08-12,5849,510,17,138,57579
2026-08-13,6251,331,3,225,95450
2026-08-14,9905,457,1,62,54381
2026-08-15,6730,584,13,122,55540
2026-08-16,5489,585,12,294,88092
2026-08-17,4631,443,28,126,64574
2026-08-18,5816,318,11,208,82764
2026-08-19,4015,317,6,282,80222
2026-08-20,4348,556,1,252,69868
2026-08-21,7611,377,12,117,66019
2026-08-22,6087,474,13,147,69074
2026-08-23,5839,493,26,174,90795
